"id","user_login","user_nicename","user_email","user_url","user_registered","user_status","display_name","nickname","first_name","last_name","description","rich_editing","comment_shortcuts","admin_color","use_ssl","show_admin_bar_front","locale","wp_capabilities","wp_user_level","dismissed_wp_pointers","show_welcome_panel","session_tokens","wp_dashboard_quick_press_last_post_id","community-events-location","closedpostboxes_attachment","metaboxhidden_attachment","syntax_highlighting","fakerpress_flag","pending","address","city","state","zip code","country"
"1","admin","admin","mm@nn.cc","","2018-06-18 23:46:24","0","admin","admin","","","","true","false","fresh","0","true","","a:1:{s:13:""administrator"";b:1;}","10","wp496_privacy","1","a:1:{s:64:""3c469a7c61a9b7ab9611905a93b48198161da504685a9094681f9d952452e5d6"";a:4:{s:10:""expiration"";i:1544041491;s:2:""ip"";s:3:""::1"";s:2:""ua"";s:121:""Mozilla/5.0 (Macintosh; Intel Mac OS X 10_14_1) AppleWebKit/537.36 (KHTML, like Gecko) Chrome/70.0.3538.110 Safari/537.36"";s:5:""login"";i:1543868691;}}","3","a:1:{s:2:""ip"";s:2:""::"";}","a:0:{}","a:3:{i:0;s:16:""commentstatusdiv"";i:1;s:11:""commentsdiv"";i:2;s:7:""slugdiv"";}","","","","","","","",""
"69","adrian12","ybuckridge","deborah86@example.com","http://harvey.com/culpa-et-ea-totam-nostrum","2018-11-27 08:52:30","0","Stuart","alene.stoltenberg","Blaise","Huel","Voluptas consectetur maiores facere quia assumenda minima illum. Culpa occaecati consequatur non quia nemo hic consectetur. Qui temporibus aliquid vel quisquam blanditiis. Iure iure qui eos nesciunt dolores necessitatibus animi autem.","true","false","fresh","0","true","","a:1:{s:6:""editor"";b:1;}","7","wp496_privacy","","","","","","","true","1","","","","","",""
"35","ali27","dwight78","akeem70@example.net","http://rempel.com/","2018-11-27 23:34:06","0","Tyson","jjakubowski","Isaiah","Renner","Natus ut ab molestias accusantium nemo. Dolore qui perferendis eveniet eligendi. Aperiam mollitia odio blanditiis numquam officiis. Ut rerum ut praesentium et doloribus non quisquam.

Omnis eos delectus reprehenderit autem exercitationem. Soluta id temporibus quas voluptatem. Vero totam officiis saepe saepe nam cupiditate deleniti. Necessitatibus est ut aliquam aut accusantium voluptatem et.

Excepturi doloribus possimus esse omnis aut odio. Molestias dicta amet accusamus doloremque in nostrum. Sunt et dolores nihil architecto enim eos modi. Error omnis enim et in quia earum consequatur.

Optio expedita consequuntur delectus omnis nulla nulla facilis. Hic nihil veritatis sit voluptatem et nam. Maiores quidem ut rerum sapiente voluptate eligendi.

Nihil quo nihil fuga odit ullam iste. Aperiam dolore necessitatibus quasi ab consequatur omnis. Consequuntur nam nobis reprehenderit ut.","true","false","fresh","0","true","","a:1:{s:10:""subscriber"";b:1;}","0","wp496_privacy","","","","","","","true","1","","","","","",""
"14","alverta08","jakob71","beer.jayce@example.org","http://www.fahey.net/id-et-ut-similique-quo-animi-incidunt-debitis","2018-11-27 14:29:27","0","Dustin","wayne.herman","Reymundo","Cummings","Nemo modi qui eum illum alias veniam. Saepe repudiandae nesciunt veritatis cum fuga.

Pariatur commodi est alias. Et esse a at veniam pariatur quae. Fugit fuga quisquam ut voluptate. Adipisci ut ullam doloribus provident sed.

Qui explicabo labore dolores sit iste quibusdam. Vitae sequi rerum hic eaque omnis qui. Molestiae non expedita quae blanditiis facilis est. Corrupti debitis temporibus at cum ea qui. Omnis voluptas minima recusandae occaecati enim minus voluptate.","true","false","fresh","0","true","","a:1:{s:10:""subscriber"";b:1;}","0","wp496_privacy","","","","","","","true","1","","","","","",""
"46","bashirian.vivianne","elizabeth-jakubowski","kris.jenifer@example.net","http://www.hermiston.com/","2018-11-27 01:33:49","0","Tess","weber.marcelino","Eula","Auer","Maiores repellendus qui in aliquam asperiores et. Illo enim et libero id fuga nisi aut sunt. Minus recusandae praesentium tenetur repellat voluptatibus. Unde esse qui asperiores qui quos.

Consequatur et eum odit velit. Mollitia omnis et quam ut. Nisi sequi ab hic officia distinctio qui.

Quo ut rem eius nobis ut perspiciatis perferendis. Rem et impedit sunt perferendis architecto laudantium quia. Voluptatem doloribus et magnam quod. Similique ea ad suscipit vel labore animi quis.

Sed qui enim cumque earum. Sequi placeat iure sit ullam et ipsam ut. Numquam explicabo non ea rerum. Illo voluptate et quidem perspiciatis quasi occaecati odio nemo.","true","false","fresh","0","true","","a:1:{s:10:""subscriber"";b:1;}","0","wp496_privacy","","","","","","","true","1","","","","","",""
"9","bechtelar.rodger","pacocha-aron","cruz84@example.org","http://www.hamill.info/placeat-at-vitae-enim-perferendis-velit-quis-itaque-aspernatur","2018-11-27 23:40:54","0","Aliya","ekihn","Kennedi","Roob","Aut quisquam illo nobis. Numquam sint ut et ex voluptatum quia. Saepe suscipit asperiores occaecati exercitationem atque. Doloribus sunt ea provident laborum repellendus veritatis fugiat.

Laboriosam ut dolor eos voluptas doloribus aliquam deleniti. Tempore beatae quaerat id. Tempora occaecati adipisci quisquam doloribus velit aut fugit.","true","false","fresh","0","true","","a:1:{s:10:""subscriber"";b:1;}","0","wp496_privacy","","","","","","","true","1","","","","","",""
"37","bernadette97","heidenreich-eldora","jacobs.michael@example.com","http://www.kihn.net/accusamus-alias-vel-omnis-sint-beatae.html","2018-11-28 06:58:28","0","Jamey","leopoldo44","Emma","Kovacek","Alias explicabo et ex velit nobis perferendis laborum. Ullam officiis id recusandae facilis. Commodi quis nam eos. Laboriosam quia neque repellat ut.","true","false","fresh","0","true","","a:1:{s:10:""subscriber"";b:1;}","0","wp496_privacy","","","","","","","true","1","","","","","",""
"73","bernard.welch","larson-spencer","imonahan@example.org","http://dickinson.com/maiores-et-quaerat-sit-amet-reiciendis","2018-11-28 03:52:08","0","Ines","wyman.shanel","Conrad","Stamm","Sunt accusamus quasi itaque reiciendis est. Enim officia velit dolor iste voluptas sit veritatis. Qui minus veniam quam quis ab aut.

Assumenda ab aut qui est qui distinctio. Consequatur blanditiis et et praesentium nam. Totam dolore sunt quasi sequi.

Similique sit et assumenda numquam ex soluta consectetur. Rerum error corporis a esse sit quo eos. Voluptas neque qui sit soluta ut ut consectetur. Consequatur quos nesciunt omnis velit dolor et.

Dolores itaque eaque facilis minima aspernatur illum voluptatem. Eligendi accusantium quidem nihil delectus illum. Dolores reiciendis quam quis velit omnis ex.

A ipsum sunt perferendis et distinctio soluta officia. Quasi dolorum et accusamus aut autem deleniti. Ducimus tenetur non quam tenetur ratione eum fuga.","true","false","fresh","0","true","","a:1:{s:6:""editor"";b:1;}","7","wp496_privacy","","","","","","","true","1","","","","","",""
"15","bwisozk","candido47","ortiz.louisa@example.net","https://www.nitzsche.com/quasi-perspiciatis-est-quis-beatae-velit-nihil-repudiandae","2018-11-27 17:16:27","0","Kayden","ulittel","Donnell","Crist","Veniam dolorem necessitatibus iusto tempora. Id nisi dolorem qui aut ut iusto qui. Sequi velit provident et alias beatae sint sunt. Explicabo eos et quam et deserunt temporibus. Rerum et tempore consequatur odit maxime est.

Et aliquid illo voluptatem provident. Tempore labore enim et quo. Et consequuntur esse expedita omnis corrupti. Adipisci unde qui ut.","true","false","fresh","0","true","","a:1:{s:10:""subscriber"";b:1;}","0","wp496_privacy","","","","","","","true","1","","","","","",""
"79","christiansen.laverne","whitney34","xbruen@example.com","http://www.keeling.net/ad-et-et-quidem-aut-alias-qui-quo.html","2018-11-27 11:05:42","0","Grayce","hilpert.alivia","Jarrell","Goyette","Quo aperiam nemo dolores perspiciatis quas ea eum. Hic et officia mollitia non libero. Fugiat dolore et enim architecto modi maiores libero repellat.","true","false","fresh","0","true","","a:1:{s:6:""author"";b:1;}","2","wp496_privacy","","","","","","","true","1","","","","","",""
"55","cierra69","sonya-lesch","tressie.daniel@example.net","https://www.walsh.com/quas-vel-ut-ut-laborum-ad-et-eum","2018-11-27 12:44:46","0","Shyanne","rjohns","Amely","Hackett","Saepe perspiciatis excepturi impedit repellendus voluptatum inventore sequi. Est magnam temporibus aut corrupti itaque dignissimos et. Dolorem aut nam voluptas expedita et qui. Aut ea doloremque adipisci neque. Nihil ipsam molestiae non et.

Nulla nihil ducimus aut libero non quis blanditiis. Consequatur quo et aut doloribus.

Dolorem omnis quae culpa ut nobis tempora. Et vel nam cupiditate doloremque. Ut quas voluptatum qui vel nisi aspernatur.

Dolor commodi dolor nisi aliquid provident aliquam. Ratione dicta reprehenderit sit aperiam. Eius voluptatem fuga ut vero eos non soluta quis.","true","false","fresh","0","true","","a:1:{s:6:""editor"";b:1;}","7","wp496_privacy","","","","","","","true","1","","","","","",""
"64","cummings.maria","newton-beahan","wpurdy@example.net","http://wisozk.com/totam-neque-accusantium-earum-et-voluptatibus.html","2018-11-28 10:20:19","0","Augusta","pwillms","Orin","Rowe","Ea facere architecto voluptate rem voluptatum amet. Vel architecto itaque blanditiis dolores sint et cumque soluta. Quae deserunt et non ullam qui dolorem.

Aut officia vitae quis ea. Molestiae sed reiciendis quas ab. In sequi ipsam magni vitae ipsum. Dicta reiciendis voluptatibus soluta vel aut maxime.","true","false","fresh","0","true","","a:1:{s:10:""subscriber"";b:1;}","0","wp496_privacy","","","","","","","true","1","","","","","",""
"32","dagmar.okon","hal-labadie","bernita01@example.org","http://block.com/veniam-dolores-consequatur-omnis-dicta-esse-delectus-quibusdam-maiores.html","2018-11-27 00:31:05","0","Marlene","jordon96","Marcellus","Medhurst","Corrupti et reiciendis aut voluptas. Modi quia qui suscipit maxime. Odit laborum iusto reprehenderit hic sint iure quod quasi.

Soluta a deleniti et omnis nostrum incidunt. Debitis tenetur libero dolorum iusto omnis qui voluptate. Voluptas dignissimos error iste fugit. Suscipit aut quia blanditiis modi facere enim voluptatem.","true","false","fresh","0","true","","a:1:{s:10:""subscriber"";b:1;}","0","wp496_privacy","","","","","","","true","1","","","","","",""
"29","daniel.dillan","ublick","keagan02@example.org","http://oberbrunner.com/corrupti-repudiandae-voluptatibus-consequatur-ea.html","2018-11-27 02:45:45","0","Jason","mfriesen","Lurline","Flatley","Iste itaque voluptatem eum voluptatem pariatur ut enim. Dolorem qui harum qui optio officia.

Et qui qui qui aut dolores qui. Nulla voluptatem expedita ea nulla itaque architecto ex. Autem voluptatibus assumenda optio error cumque. Aut quisquam non dolorem dolore aut aut veritatis.","true","false","fresh","0","true","","a:1:{s:10:""subscriber"";b:1;}","0","wp496_privacy","","","","","","","true","1","","","","","",""
"43","davis.vita","maryjane21","bayer.richard@example.org","http://terry.info/soluta-sint-nostrum-repudiandae-vero-sed.html","2018-11-28 08:21:49","0","Leonora","ernser.maynard","Genoveva","Kessler","Facere nisi distinctio mollitia occaecati sequi. Minima quae quia fugiat qui tempore. Similique ullam incidunt quidem explicabo debitis velit eveniet.

Voluptate aut magni voluptate ipsum. Iusto expedita voluptas inventore est explicabo corporis recusandae quas. Nemo illum magni ullam rem aspernatur aliquam. Quos ducimus incidunt nam iure sapiente.

Sapiente alias odit tenetur fuga. Omnis nihil vero non voluptas culpa odit. Tempore dolores at aut aut hic quisquam qui.

Sit dolore aut autem est provident. In non ut ipsam quos dolores necessitatibus animi qui. Saepe tempore aperiam rerum quod amet mollitia iure. Dolor fuga et molestiae inventore tenetur nisi quae.

Nisi expedita quidem et non est id. Alias aut aliquid nobis. Aspernatur earum voluptatum qui quod nobis minus adipisci.","true","false","fresh","0","true","","a:1:{s:10:""subscriber"";b:1;}","0","wp496_privacy","","","","","","","true","1","","","","","",""
"42","dcrona","bruen-francisca","tamia.kunze@example.org","http://johnston.net/sint-eos-eius-ut-non-est-provident-ad.html","2018-11-28 08:01:56","0","Cyril","nathaniel.morar","Margot","Lind","Earum molestiae consequatur fuga eveniet asperiores cum praesentium illo. Alias dolor adipisci perferendis ad labore quasi quasi sunt. Rerum omnis non laborum enim praesentium ratione occaecati. Iure voluptas eligendi inventore nihil. Et consequatur reprehenderit vel est veniam deserunt.

Quam facere tempora incidunt in rem. Libero facere ex ipsam. Eum distinctio et facere a. Unde quis mollitia ut ut.

Est error eaque corrupti provident sit. Modi inventore cupiditate esse quos. Labore sed necessitatibus est nihil et vel.","true","false","fresh","0","true","","a:1:{s:10:""subscriber"";b:1;}","0","wp496_privacy","","","","","","","true","1","","","","","",""
"53","domenic.fisher","greta-stiedemann","walter73@example.com","http://www.cremin.com/voluptas-consectetur-accusamus-omnis-ut-ipsam-quas","2018-11-28 13:31:24","0","Marlene","francisco.haag","Colton","Fahey","Officia et maxime voluptatem commodi consequatur repellat et quia. Temporibus dicta et sit rerum dolorem molestias mollitia. Est molestiae voluptatem rerum aut.

Eos quaerat pariatur voluptatibus aliquam eligendi. Explicabo aliquam voluptatem quia. Delectus consequuntur magnam aperiam et omnis minus consequuntur qui. Ratione nemo fuga ut minus minus repellat sit. Quisquam molestias ex nihil.

Velit rerum aliquam numquam fugit ullam. Quam omnis sed non consequatur. Voluptatum labore qui est id quae rerum corrupti.

Numquam ipsam ut voluptate consectetur repudiandae nesciunt. Mollitia aut consequuntur odit iusto in aut ut sed. Repudiandae recusandae sint quaerat aperiam adipisci non aliquid. Similique culpa ut aut harum ipsam.","true","false","fresh","0","true","","a:1:{s:6:""author"";b:1;}","2","wp496_privacy","","","","","","","true","1","","","","","",""
"16","dooley.nash","orpha12","skiles.nella@example.org","http://stokes.com/","2018-11-27 02:08:40","0","Delta","osinski.javier","Ardith","Bergnaum","Nesciunt sapiente sit odit quia. Illum minima dignissimos ad incidunt debitis quis. Ut consequatur non cumque ut.

Laborum veritatis quo qui quos est officiis. Sit iure qui magnam ut. Molestiae porro maxime ut pariatur optio quas.

Nam quis velit consequatur rerum eos necessitatibus. Dolorem voluptatum maiores perspiciatis voluptatem delectus. Non eaque architecto consequatur excepturi. Cum occaecati non voluptatum mollitia et ullam. Aliquam ut tenetur recusandae explicabo quisquam nisi animi facere.","true","false","fresh","0","true","","a:1:{s:10:""subscriber"";b:1;}","0","wp496_privacy","","","","","","","true","1","","","","","",""
"12","ebony36","kris-jackie","connor.gibson@example.org","https://www.crist.com/natus-eos-nam-minus-dolor","2018-11-27 10:50:29","0","Laney","towne.pansy","Winfield","Towne","Dolores qui voluptatem dolorum qui. Impedit quod eius ea omnis repellat modi officia magnam. Debitis cumque reiciendis nulla mollitia.

Nam optio aut id at enim. Enim culpa facere rem suscipit sit consequuntur consequatur. Voluptas officia sunt qui rerum vel.

Eaque quas et sapiente consectetur dolor. Ullam totam aut veritatis et quod hic. Corrupti distinctio incidunt soluta et error sequi consequatur quae.","true","false","fresh","0","true","","a:1:{s:10:""subscriber"";b:1;}","0","wp496_privacy","","","","","","","true","1","","","","","",""
"84","edickens","timmy-harris","otho32@example.net","http://farrell.org/quaerat-porro-cum-commodi-distinctio","2018-11-27 19:42:14","0","Mertie","golden45","Beatrice","Gislason","Reprehenderit commodi omnis eos nihil repellat beatae occaecati. Fugit amet amet autem illum repellat. Nihil rerum aliquam velit quae sed.

Molestiae soluta quia qui ipsum quisquam. Culpa dolores ex nam autem nemo voluptate reprehenderit. Tempora voluptates in earum praesentium necessitatibus voluptatem nulla.

Eos voluptatem a eos. Corrupti sed minima deserunt placeat id voluptatem et ducimus.

Ut dolore beatae qui ut est architecto et. Consequatur rerum autem nihil assumenda itaque. Tenetur officiis quaerat ut omnis est.

Dolorem error aut quibusdam sit. Eligendi a quis sit ut. Quia ducimus corrupti ducimus rerum consectetur eos autem.","true","false","fresh","0","true","","a:1:{s:6:""author"";b:1;}","2","wp496_privacy","","","","","","","true","1","","","","","",""
"96","eleonora","eleonora","eleonora@me.it","","2018-12-03 21:04:04","0","eleonora","eleonora","","","","true","false","fresh","0","true","","a:4:{s:13:""administrator"";b:1;s:6:""editor"";b:1;s:6:""author"";b:1;s:10:""subscriber"";b:1;}","10","wp496_privacy","","","","","","","true","","1","Spagna","Roma","Roma","10101","Italia"
"92","elissa","elissa","eliss@mymail.com","","2018-12-03 21:04:03","0","elissa","elissa","","","","true","false","fresh","0","true","","a:4:{s:13:""administrator"";b:1;s:6:""editor"";b:1;s:6:""author"";b:1;s:10:""subscriber"";b:1;}","10","wp496_privacy","","","","","","","true","","1","Verona","Ferrara","Ferrara","89891","Italia"
"74","enader","oswaldo-keebler","vwest@example.net","http://senger.com/et-omnis-commodi-voluptatem-inventore-labore-at.html","2018-11-27 15:33:04","0","Watson","jeanette.turner","Daisha","Gutmann","Tenetur temporibus inventore ut odio distinctio. Vitae saepe similique distinctio. Quaerat veniam quo rem quia. Et possimus est nihil repudiandae nam aperiam ut.

Autem eius similique corrupti omnis ea vel vitae. Voluptatem consequatur qui illo laboriosam. Sit eius id alias repudiandae voluptatum dicta corporis ut. Consequatur modi ab voluptas aliquid aut nam doloribus perspiciatis.

Cum quae enim qui quasi nihil quo iure. Dolores qui sit exercitationem.","true","false","fresh","0","true","","a:1:{s:10:""subscriber"";b:1;}","0","wp496_privacy","","","","","","","true","1","","","","","",""
"21","fabian67","schimmel-troy","bartholome.yost@example.com","http://www.shanahan.net/quidem-eos-eius-quos-vitae-voluptas-natus","2018-11-27 22:28:09","0","Agnes","hodkiewicz.howell","Dora","Romaguera","Placeat quis beatae illum numquam omnis unde cumque. Unde quod eveniet accusantium qui placeat ipsam qui. Ipsam numquam voluptatem expedita. Dolore autem at debitis ullam quisquam qui.

Animi atque sed necessitatibus sunt possimus. Sapiente inventore asperiores dolorem natus aut quis.

Velit magnam doloremque magnam nisi aut magnam eligendi. Sint iure non quo voluptatum velit. Repudiandae nam ut rerum officia sed sunt aut. Velit debitis nostrum consequatur dolores.","true","false","fresh","0","true","","a:1:{s:10:""subscriber"";b:1;}","0","wp496_privacy","","","","","","","true","1","","","","","",""
"86","franecki.marie","sschulist","ezequiel.glover@example.com","https://www.dibbert.org/soluta-eveniet-sed-aut-neque-qui-magnam","2018-11-28 01:00:41","0","Ebba","kira94","Marilyne","Skiles","Natus a hic est deserunt est cumque. Inventore quaerat aut consequuntur quos porro qui. Sed et rerum magni.

Enim recusandae ut hic corporis est beatae est. Quos esse occaecati excepturi consequuntur ducimus. Expedita deserunt ipsa quaerat. Deserunt asperiores illo officiis magni aliquam ipsam est.","true","false","fresh","0","true","","a:1:{s:6:""author"";b:1;}","2","wp496_privacy","","","","","","","true","1","","","","","",""
"48","frank.pagac","dfriesen","bernadette08@example.net","https://crooks.org/non-et-consequatur-voluptatem-rerum.html","2018-11-27 00:53:19","0","Katheryn","rwuckert","Zula","Thiel","Dignissimos totam maxime saepe animi quis. Ea id vero non rerum. Aut omnis rerum et nulla laborum.

Voluptatibus libero aut est non qui aut. Iste sit delectus expedita omnis praesentium. Error in nobis architecto voluptas et. Voluptates minus nisi ut maiores numquam vel.","true","false","fresh","0","true","","a:1:{s:10:""subscriber"";b:1;}","0","wp496_privacy","","","","","","","true","1","","","","","",""
"27","freichert","crooks-meghan","ledner.deangelo@example.org","http://jacobs.com/","2018-11-27 10:17:33","0","Ernestina","ybashirian","Sierra","Wilderman","Non dolor quasi totam temporibus impedit deserunt perferendis. Velit veniam reprehenderit unde perferendis aut magnam. Earum maxime deleniti et aliquid.

Officia voluptas modi nostrum. Autem et minus tempore quia aut quaerat omnis. Quo libero sit repellat quasi inventore consequatur.

Pariatur unde ut pariatur. Esse inventore et corporis et error. Recusandae est sed sunt sunt quis. Vel et id atque soluta.","true","false","fresh","0","true","","a:1:{s:10:""subscriber"";b:1;}","0","wp496_privacy","","","","","","","true","1","","","","","",""
"33","frosenbaum","mkris","montana.brown@example.org","http://cruickshank.com/","2018-11-27 06:38:00","0","Dejah","kale31","Mara","Connelly","Qui quos quo debitis quos. Voluptatum quia possimus ut praesentium. Cum quam magni aut vero. Et voluptate ratione perferendis quis ex minima molestias dicta. Officia consequuntur molestias ex rerum ex dolores.

Repellat eos maiores laboriosam quo maiores non voluptatem. Vitae porro saepe saepe error tenetur. Suscipit aut est magnam dolorem commodi occaecati aperiam. Consequuntur nihil accusamus ab totam.

Voluptatem quidem delectus voluptatibus quo voluptas illum. Quisquam ex quia ut sunt dolorem velit. Hic alias labore nihil qui qui dolorum. Animi voluptas vero alias accusamus velit.

Consequatur facilis voluptatum voluptas totam aut. Sit ut sint perferendis culpa fuga. Autem sequi culpa et consequuntur culpa autem in.","true","false","fresh","0","true","","a:1:{s:10:""subscriber"";b:1;}","0","wp496_privacy","","","","","","","true","1","","","","","",""
"10","general28","hazle-smitham","emcclure@example.com","http://www.howell.biz/nemo-temporibus-et-rerum-enim-et-sit.html","2018-11-27 17:00:30","0","Calista","gerhard45","Kristy","Watsica","Eaque cupiditate recusandae ut dolorem neque fuga impedit recusandae. Non saepe natus molestiae neque et. Voluptatem in et quia vitae. Voluptatem a et et eum.","true","false","fresh","0","true","","a:1:{s:10:""subscriber"";b:1;}","0","wp496_privacy","","","","","","","true","1","","","","","",""
"47","gerlach.wiley","carrie72","hermina.senger@example.org","http://champlin.net/maiores-ut-ducimus-alias","2018-11-27 18:28:02","0","Oswaldo","umiller","Shemar","Prohaska","Doloribus id aut maiores ut incidunt magnam nihil. Voluptas dolor et et est aut non. Dicta minima earum ut tenetur.

Eos accusantium similique natus deserunt qui officiis ut. Quia facere maxime non voluptatibus. Aut rerum odio aliquam non sed.

Officiis quod et autem provident nisi. Est omnis repellendus placeat totam et officiis. Aliquam vitae nam ab deleniti.

Aut dolorem autem ipsum quia non expedita. Maxime sed quo quidem distinctio. Dicta repellat voluptatem accusantium quo voluptatem quae mollitia. Excepturi sed impedit quam.","true","false","fresh","0","true","","a:1:{s:10:""subscriber"";b:1;}","0","wp496_privacy","","","","","","","true","1","","","","","",""
"81","greg.oreilly","osvaldo-rowe","amos.hintz@example.net","https://schiller.info/minus-doloribus-voluptas-atque.html","2018-11-28 01:03:54","0","Dewayne","ferry.devan","Justina","West","Sapiente qui non ad libero est architecto aliquam. Ad numquam voluptates consequatur quod reprehenderit qui. Et placeat enim consequatur laborum.

Eos quia non officiis commodi nesciunt. Neque quod aperiam aliquam optio autem. Possimus voluptas aspernatur qui qui quidem. Tempore eligendi ratione magni perspiciatis voluptatem et quam.

Quae rem veniam debitis non et ea. Culpa in dolores quos eos est. Ex laudantium ea id consequatur quo ea distinctio ea. Voluptas pariatur in voluptatem possimus ipsa.","true","false","fresh","0","true","","a:1:{s:6:""author"";b:1;}","2","wp496_privacy","","","","","","","true","1","","","","","",""
"11","hamill.dangelo","satterfield-leslie","demetrius.hills@example.net","http://schiller.com/exercitationem-illo-et-inventore-quam-accusamus.html","2018-11-28 08:41:19","0","Tamia","rstreich","Zaria","Jones","Illo sit impedit enim quia consequatur. Temporibus aut sint ipsum incidunt. Commodi unde ad culpa quia nam. Debitis recusandae velit aut dolorum doloribus. Ea quis unde qui ad iusto omnis similique.

Voluptas dolore nulla blanditiis corrupti est. At occaecati corrupti provident vitae. Magnam est alias qui qui inventore aut fugit.

Ut in facere aliquid aut voluptatem. Ipsam consequatur rerum non quae quasi et quas.

Voluptatem eveniet sapiente aut nobis nam eligendi dolores provident. Et et aut magnam fugit. Enim qui vel ut suscipit et et harum. Natus eos est et aut voluptatem quos hic. Voluptate autem cumque aperiam nobis quae quae.","true","false","fresh","0","true","","a:1:{s:10:""subscriber"";b:1;}","0","wp496_privacy","","","","","","","true","1","","","","","",""
"30","hillary.pacocha","nyasia73","swift.hipolito@example.com","http://dibbert.com/qui-recusandae-fuga-sit-minus-enim-vel","2018-11-27 06:56:26","0","Guido","pkessler","Adell","Schuster","Pariatur ut cumque doloribus. Ipsa aliquid tenetur ab sequi. Ut dolor sit ad vero consectetur. Ea nemo ut ut.

Est magnam repellendus aut odio enim. Earum quisquam dolorum natus qui non. Unde neque corrupti eius qui vel animi adipisci. Deleniti ipsam qui dolor sed qui sint.

Consequuntur similique aspernatur modi hic possimus ut ut. Facere et numquam iste aliquid voluptate. Aut nihil qui minus et veritatis a. Velit vero quis eum ex omnis ab nostrum. Eos accusantium eos magnam sed vitae deserunt.

Voluptatum rerum voluptatem modi tempora et temporibus. Repellat nisi est accusamus expedita. Sapiente voluptatem perferendis sequi qui. Accusamus dolorum maxime nostrum nihil nesciunt dolor. Voluptate consequatur ut nam.

Eaque velit dolorem error at quis quasi nobis qui. Porro voluptas aut aut autem eligendi reiciendis sed. Nemo ad repellendus iste magni reiciendis non libero.","true","false","fresh","0","true","","a:1:{s:10:""subscriber"";b:1;}","0","wp496_privacy","","","","","","","true","1","","","","","",""
"89","htorphy","lorena78","cleta.morar@example.org","http://www.gerhold.info/fuga-eum-mollitia-quae-similique","2018-11-28 00:43:31","0","Yesenia","thaddeus52","Donny","Cummings","Nulla aut asperiores suscipit. Pariatur et qui soluta. Quia officiis voluptatum quos velit et necessitatibus est.

Itaque commodi repellendus doloribus sed et assumenda est. Sit exercitationem voluptates et qui sit. Harum est est explicabo. Molestiae itaque inventore dolorem.","true","false","fresh","0","true","","a:1:{s:6:""author"";b:1;}","2","wp496_privacy","","","","","","","true","1","","","","","",""
"91","javier","javier","javier@micorreo.com","http://www.linuxhispano.net","2018-12-03 21:04:03","0","javier","javier","","","","true","false","fresh","0","true","","a:4:{s:13:""administrator"";b:1;s:6:""editor"";b:1;s:6:""author"";b:1;s:10:""subscriber"";b:1;}","10","wp496_privacy","","","","","","","true","","1","Av. Cervantes","Córdoba","Córdoba","14004","España"
"6","jayson.will","mjerde","cratke@example.net","https://www.adams.com/minima-dolorem-nostrum-voluptatem-iure-veritatis-vel","2018-11-28 08:51:10","0","Irma","kshlerin.aditya","Clifford","Beer","Fugiat rerum similique incidunt laborum laudantium accusamus eligendi. Illo veritatis atque aut autem quia ut aut. Et dolores magni iste iure. Ex aut ipsa magnam dignissimos earum cupiditate necessitatibus dolorem. Error nam sint et et numquam.

Qui eaque est quis. Rerum aut ducimus excepturi dignissimos repellendus et soluta. Aliquid natus quia fugit et quae quasi eum esse. Culpa occaecati soluta sequi debitis.

Reprehenderit exercitationem consequatur corporis sint placeat. Quasi sit beatae quod quis vitae vero. Reiciendis nemo quo neque qui dolorem veritatis ea. Quia suscipit eaque quia. Harum exercitationem sequi iusto nostrum.","true","false","fresh","0","true","","a:1:{s:10:""subscriber"";b:1;}","0","wp496_privacy","","","","","","","true","1","","","","","",""
"72","jesus22","obradtke","felton.schmeler@example.com","http://becker.biz/est-sit-nesciunt-consequuntur-esse-fuga-quidem","2018-11-27 00:49:49","0","Michael","rey31","Gavin","Schinner","Dolores distinctio temporibus quis ratione cum rerum qui molestias. Error sint nam ut.","true","false","fresh","0","true","","a:1:{s:6:""author"";b:1;}","2","wp496_privacy","","","","","","","true","1","","","","","",""
"90","john","john","john@mymail.com","","2018-12-03 21:04:03","0","john","john","","","","true","false","fresh","0","true","","a:4:{s:13:""administrator"";b:1;s:6:""editor"";b:1;s:6:""author"";b:1;s:10:""subscriber"";b:1;}","10","wp496_privacy","","","","","","","true","","1","Rd. Victoria","Atlanta","Georgia","1201","USA"
"13","johnpaul.legros","jenifer-zulauf","melvina.feest@example.org","http://bartoletti.biz/est-aut-nihil-aliquam-sed-voluptatem-soluta","2018-11-28 03:15:58","0","Priscilla","quitzon.elvie","Sierra","Kunze","Error impedit amet dignissimos eos in incidunt. Ut quas quibusdam voluptatem minima est. Qui tempora rerum rerum sed vitae.","true","false","fresh","0","true","","a:1:{s:10:""subscriber"";b:1;}","0","wp496_privacy","","","","","","","true","1","","","","","",""
"77","juvenal07","schneider-cleve","aaufderhar@example.org","http://gibson.com/","2018-11-28 00:50:33","0","Clare","rbecker","Dortha","Wisoky","Dolores modi consequatur quas alias qui consequatur qui. Doloribus quibusdam possimus dolorem deleniti et sed exercitationem. Assumenda quae blanditiis odit perferendis illum. Eaque architecto animi molestiae quae.

Ut et ut sint quibusdam culpa. Laudantium incidunt aut impedit quis beatae iste voluptatem. Sunt enim officiis iusto consequatur alias eveniet sunt.

Itaque qui voluptates aut soluta et laudantium consequatur. Et non veniam animi voluptatem repellendus voluptatem temporibus. Error voluptate alias minima non veniam non.","true","false","fresh","0","true","","a:1:{s:10:""subscriber"";b:1;}","0","wp496_privacy","","","","","","","true","1","","","","","",""
"71","katrine.gaylord","douglas-emilie","kirlin.aurelio@example.org","http://ritchie.net/consequuntur-odio-neque-ea-quisquam-ex-dolorem-est-quia.html","2018-11-28 09:29:51","0","Kaci","vwatsica","Arvel","Murray","Voluptas labore quia ducimus ut laboriosam beatae laboriosam. Repellat sunt sed deserunt. Nulla nobis aut rem voluptatem.

Neque vitae amet architecto culpa qui. Sit ducimus sit blanditiis quis rerum ut qui. Minima itaque numquam enim distinctio blanditiis et tempore magnam. Impedit voluptatem dolorem sequi nostrum. Voluptates molestias voluptatum ullam natus quaerat officiis voluptatem.

Eum magnam consequuntur dignissimos tempore quibusdam. Dolor sint facere consequatur illo aliquam assumenda dolorum. Et quae repellendus odio harum harum repellat. Tempora dolorem et ex.

Deserunt necessitatibus molestiae enim eos consectetur sit nisi non. Quia culpa consequuntur esse. Commodi exercitationem temporibus laudantium porro ab.

Provident illo veniam quis amet. Molestias itaque culpa fuga incidunt tempora. Inventore quod animi repellendus quia excepturi.","true","false","fresh","0","true","","a:1:{s:6:""author"";b:1;}","2","wp496_privacy","","","","","","","true","1","","","","","",""
"50","kirlin.arch","leannon-alice","adams.celia@example.net","http://thiel.com/dolores-voluptate-autem-autem-voluptatem-occaecati.html","2018-11-27 18:49:37","0","Kira","schuyler50","Virgie","Ortiz","Quia est eum est tempora dignissimos quisquam quo pariatur. Autem voluptas sit cumque quis. Et numquam in velit eligendi eaque. Enim dolores quasi repudiandae sint neque explicabo. Nulla tempora est architecto sunt quis accusamus.","true","false","fresh","0","true","","a:1:{s:10:""subscriber"";b:1;}","0","wp496_privacy","","","","","","","true","1","","","","","",""
"26","kirstin44","zwilliamson","rolfson.omari@example.net","http://heaney.biz/","2018-11-27 14:01:24","0","Otho","dedrick.gleason","Roosevelt","Schmidt","Ullam voluptas tempora iure. Provident et est quidem at. Et quibusdam sunt molestiae adipisci et. Voluptatem voluptatum et officia odio incidunt totam veniam repellat.

Qui et vitae voluptatem dolor et. Provident accusantium dolores qui natus laboriosam est. Dolorem et sunt voluptates earum nemo vero.

Delectus voluptatem dolorem ut accusantium molestiae. Nihil voluptas similique quas magnam explicabo animi. Occaecati earum laborum consequatur fugiat assumenda eligendi a sit.

Iste dicta non laudantium laboriosam fugiat voluptatum repellat. Qui perferendis eligendi sapiente praesentium. Illo eaque est doloremque qui minus quibusdam.

Odio adipisci consequatur ad nemo eveniet. Excepturi dicta est rerum error. Unde est dolores qui eaque dignissimos error.","true","false","fresh","0","true","","a:1:{s:10:""subscriber"";b:1;}","0","wp496_privacy","","","","","","","true","1","","","","","",""
"5","kovacek.delaney","neha-adams","halvorson.oda@example.net","http://zieme.com/","2018-11-28 12:20:49","0","Walter","kristoffer88","Winston","Labadie","Iste minus sunt dolorum. Consequatur aut quae id consequatur dolorem atque culpa ipsam. Enim amet eum et quia voluptas. Hic eum et commodi.

Cumque et voluptatibus non repellendus. Est quasi nobis error incidunt consectetur. Autem in ipsa repellendus est animi.","true","false","fresh","0","true","","a:1:{s:10:""subscriber"";b:1;}","0","wp496_privacy","","","","","","","true","1","","","","","",""
"40","leora17","anderson-marielle","bbruen@example.com","http://www.little.com/ut-tempore-vel-in-qui-possimus.html","2018-11-28 04:58:05","0","Mariela","boyer.lenora","Liana","Volkman","Labore omnis eos consequuntur et omnis eaque dolor. Nobis eos dignissimos porro qui et et labore numquam. Rerum consectetur corporis velit ut rerum molestiae qui. Eveniet sunt minus et quae nesciunt explicabo.

Ducimus consequuntur explicabo tempore eius et ipsum. Vero numquam exercitationem quisquam ad quo repellat. Magnam sunt harum placeat aspernatur.

Sunt sapiente dolores fugit sit voluptas quidem. Rerum voluptatem accusamus a deserunt eum ut velit. Dolores ipsam architecto velit voluptatem aut pariatur. Voluptas nulla eaque accusantium ut aliquam.

Cum rerum perspiciatis deleniti laborum. Sint quia delectus iure incidunt qui maxime. Magnam aut suscipit omnis minus. Blanditiis aliquid qui aspernatur dolorum eos eum qui.","true","false","fresh","0","true","","a:1:{s:10:""subscriber"";b:1;}","0","wp496_privacy","","","","","","","true","1","","","","","",""
"49","letitia.reichel","sipes-jesus","yhauck@example.net","http://west.info/et-sunt-nostrum-voluptatem-eum-porro-asperiores.html","2018-11-27 09:09:54","0","Nia","nrodriguez","Janiya","Leuschke","Et aliquam minus est et labore ut. Ipsum consequatur laboriosam cumque nihil dolores sint.","true","false","fresh","0","true","","a:1:{s:6:""author"";b:1;}","2","wp496_privacy","","","","","","","true","1","","","","","",""
"20","lluettgen","toy-reuben","mpredovic@example.com","http://brakus.com/ut-rem-facilis-nemo-sit","2018-11-27 19:32:01","0","Bertha","acarter","Tavares","Kertzmann","Aut temporibus et iste asperiores quisquam explicabo ipsam. Vel aliquam doloribus repellat. Temporibus dolor quo voluptas vitae minus est dignissimos voluptas.

Aut harum eos mollitia maiores incidunt consectetur. Dolor voluptates cum nihil sed. Dolor recusandae id eligendi et aut odio sed quia.

Sed porro enim consectetur quia nulla dolore. Omnis aut enim cum aspernatur.","true","false","fresh","0","true","","a:1:{s:10:""subscriber"";b:1;}","0","wp496_privacy","","","","","","","true","1","","","","","",""
"66","lshields","vincenzo-koss","monroe.crona@example.org","http://www.fahey.info/","2018-11-27 18:03:52","0","William","tgoodwin","Linnie","Larson","Commodi repellendus fuga molestiae illum et et numquam. Ut inventore officia recusandae accusamus. Veritatis vel enim maiores harum expedita eos.

Qui quaerat perferendis est ea. Similique adipisci voluptas ipsa adipisci. Animi qui ut est non minus distinctio alias. Officia voluptate voluptas numquam repellendus aut error.

Soluta nam maxime velit perspiciatis maxime. Et consequatur eaque vitae et vel. Quos dolores distinctio vel ea consequatur quasi earum.

Doloribus quibusdam sed enim excepturi harum repellendus non. Quis rem aliquid labore dolores labore ipsam. Tenetur recusandae dolor dolor quisquam amet debitis eos. Eveniet est voluptates voluptatibus exercitationem aliquid eveniet asperiores.

Illo et aut vel quia qui ea. Optio et optio dolore autem nesciunt. Quia aliquam voluptate aut maxime debitis excepturi.","true","false","fresh","0","true","","a:1:{s:6:""editor"";b:1;}","7","wp496_privacy","","","","","","","true","1","","","","","",""
"44","luettgen.yesenia","sonia-stokes","runolfsdottir.terrill@example.net","http://thompson.com/sit-quis-qui-sed-est-occaecati-consequuntur-eveniet","2018-11-28 01:27:49","0","Kenyatta","kihn.kameron","Camila","Vandervort","Aut tempora provident ex sunt praesentium perspiciatis similique. Facere excepturi hic ipsum repellendus non voluptas. Nulla aperiam rem sint nihil. Voluptate illum accusamus quis dolorem est accusantium illum.","true","false","fresh","0","true","","a:1:{s:10:""subscriber"";b:1;}","0","wp496_privacy","","","","","","","true","1","","","","","",""
"95","luis","luis","luisperez@correo.es","","2018-12-03 21:04:04","0","luis","luis","","","","true","false","fresh","0","true","","a:4:{s:13:""administrator"";b:1;s:6:""editor"";b:1;s:6:""author"";b:1;s:10:""subscriber"";b:1;}","10","wp496_privacy","","","","","","","true","","1","Sol","Madrid","Madrid","28005","Spain"
"70","lukas.hane","shayne46","griffin45@example.org","http://www.lemke.com/assumenda-laborum-repudiandae-impedit-quod-est-est-vel","2018-11-27 07:44:50","0","Leann","ceasar86","Jerry","Kozey","Odit qui nesciunt est vero illo aliquid reiciendis. Praesentium sed commodi nisi ullam. Autem expedita ea ullam ad eius sed. Porro debitis tenetur distinctio. Qui maxime ipsa aut aspernatur rerum possimus autem doloribus.

Quia nostrum similique qui aut blanditiis et. Eos voluptatibus architecto eos. Quo eum et nostrum et consequatur perferendis.

Aut et repellat accusamus voluptas vitae. Quidem atque voluptas omnis dicta ratione reprehenderit et. Est ullam perferendis doloremque distinctio omnis voluptatum velit et. Nihil nihil fugiat ullam laboriosam suscipit ut impedit.

Hic sit autem nostrum ut. Consequatur omnis voluptate id omnis aut tenetur. Qui temporibus magnam amet et. Quis tempore perferendis pariatur voluptate non alias.","true","false","fresh","0","true","","a:1:{s:6:""editor"";b:1;}","7","wp496_privacy","","","","","","","true","1","","","","","",""
"67","lzboncak","weissnat-jaquan","ashly86@example.com","http://mckenzie.net/numquam-culpa-cumque-ea-voluptas-doloremque-saepe-numquam-quae","2018-11-28 12:52:29","0","Casey","hunter02","Aurore","Schuster","Architecto quis harum et eum quod adipisci magni. Sit qui aspernatur aspernatur vel illum. Laudantium dolor officia voluptatum enim saepe. Quia velit est ipsum corporis iusto incidunt debitis.

Sit nulla sapiente labore id neque dolore. Sed voluptas accusamus molestias dolores vel ratione et. Ex mollitia atque sunt vel dolore maxime excepturi. Maiores velit occaecati blanditiis a est.","true","false","fresh","0","true","","a:1:{s:6:""editor"";b:1;}","7","wp496_privacy","","","","","","","true","1","","","","","",""
"45","mario.schmitt","marlin20","blick.mackenzie@example.net","https://www.vonrueden.com/voluptatem-sed-ea-quam-sequi","2018-11-27 20:15:44","0","Lela","colin.miller","Branson","Towne","Nemo iste vel voluptatem numquam similique. Officiis iste nemo reprehenderit consequatur. Praesentium dolor repellendus unde facere voluptatibus beatae.

Fugiat dolor impedit magnam quia a. Repudiandae quia sint quam laudantium et. Amet beatae qui quos doloribus voluptatum magnam.","true","false","fresh","0","true","","a:1:{s:10:""subscriber"";b:1;}","0","wp496_privacy","","","","","","","true","1","","","","","",""
"22","mary78","emmanuelle61","rollin.balistreri@example.net","https://barrows.com/nam-perspiciatis-repellendus-rerum-minus-repellat-autem-voluptatem-saepe.html","2018-11-27 19:41:13","0","Rebecca","giovanny82","Ettie","Hilll","Aut ex et voluptate quas et et. Rerum aut qui voluptatibus mollitia aut hic. Veritatis et eum sint.

Est suscipit mollitia dolor consectetur non saepe assumenda. Vel eveniet cupiditate provident sunt vitae. Est molestiae eveniet porro consequatur. Est velit dolorem nihil commodi.

Nam blanditiis sequi sit. Veritatis ut id rerum ut enim. Sapiente velit pariatur hic et.","true","false","fresh","0","true","","a:1:{s:10:""subscriber"";b:1;}","0","wp496_privacy","","","","","","","true","1","","","","","",""
"24","mcronin","rohan-anika","macy.fritsch@example.com","http://reichel.com/","2018-11-28 11:38:59","0","Kirk","cummerata.francis","Burley","Towne","Dignissimos minima sequi quia aut eos nulla. Quidem pariatur sint commodi dolorem. Doloremque blanditiis quia iste in ut rem. Voluptatum aut deserunt tempore magnam.

Enim voluptas fugit asperiores autem itaque voluptatum. Sequi est sed cumque inventore. Sunt aspernatur nostrum sit sed repudiandae consequatur architecto voluptas. Repellendus adipisci aliquid facere et ullam. Reprehenderit voluptatem tempore qui aut repellat.

Est voluptatem quis voluptatem ipsa in ab. Et consequatur sint explicabo aliquam voluptatibus quasi sequi. Facilis unde quo velit quaerat perferendis excepturi ipsa beatae. Consequatur expedita provident est in et.

Aut ab adipisci est voluptatibus occaecati et saepe. Dolorem est quis impedit iure. Vel enim magni et laborum esse aut. Voluptatem iure optio ea voluptatem et dolorum totam.

Eligendi recusandae sint atque architecto vero. Neque magnam ratione et possimus. Rem dolor ut ipsum provident modi neque.","true","false","fresh","0","true","","a:1:{s:10:""subscriber"";b:1;}","0","wp496_privacy","","","","","","","true","1","","","","","",""
"34","mittie99","oshields","jamie.hauck@example.net","http://www.hermiston.com/illum-quam-eius-sed-debitis-dolorem-facilis-corporis","2018-11-28 01:28:57","0","Avery","keaton75","Darlene","Schumm","Et et maxime dignissimos rerum quam. Ut rem ipsum voluptatem. Odio sapiente autem dolorum odit eligendi aut ut. Quaerat dolor rerum qui illo.

Provident impedit ipsum magnam laboriosam. Necessitatibus qui labore voluptatem dolor. Ad vitae quis ut autem similique est et. Cumque consequatur voluptatem cum minima et mollitia minima. Illum sint vel vitae adipisci ut aperiam.

Repellendus natus et qui. Et ratione harum at aliquam. Voluptate et consectetur tempora dolorum.

Nihil assumenda tenetur veniam dolorum. Reprehenderit est quo est quibusdam facilis in ullam.","true","false","fresh","0","true","","a:1:{s:10:""subscriber"";b:1;}","0","wp496_privacy","","","","","","","true","1","","","","","",""
"83","mtillman","brakus-pansy","grady.kaley@example.org","https://farrell.com/quisquam-est-veniam-rerum-eos-quis-provident-cupiditate-est.html","2018-11-27 04:38:33","0","Asa","iwilliamson","Lemuel","Legros","Dignissimos recusandae ex deleniti omnis reiciendis nihil assumenda. Saepe voluptatem culpa expedita aliquid. Rem laboriosam aut omnis illo ut autem facere reiciendis.

Magni sed accusantium distinctio enim suscipit. Ut itaque est aspernatur occaecati delectus ut. Nesciunt earum ipsam et unde laboriosam nostrum quas blanditiis. Deserunt a recusandae distinctio molestiae asperiores facilis.","true","false","fresh","0","true","","a:1:{s:6:""author"";b:1;}","2","wp496_privacy","","","","","","","true","1","","","","","",""
"28","natasha.brekke","krystina40","dudley95@example.org","http://www.rath.com/","2018-11-27 22:19:22","0","Jennyfer","tstrosin","Westley","Monahan","A molestiae vel facilis doloremque. Et quas ipsam in nostrum corrupti.

Autem consequatur est sunt natus eum placeat. Et provident asperiores a optio odit vitae voluptate. Ut dolorum laboriosam dolorum est est rerum. Maiores labore nemo itaque.

Qui saepe ut qui impedit id dolor vitae. Consequatur minima delectus fugiat est quia similique quisquam. Et asperiores sed est culpa nesciunt totam. Quae veritatis ea animi qui rerum et.

Quia assumenda explicabo fuga molestiae modi aut ut. Adipisci autem molestiae sed ut. Ut dolorum voluptatum fugiat expedita labore.","true","false","fresh","0","true","","a:1:{s:10:""subscriber"";b:1;}","0","wp496_privacy","","","","","","","true","1","","","","","",""
"31","ndickinson","josiah53","bailey.kane@example.com","http://pfannerstill.com/","2018-11-28 04:07:40","0","Hollis","angus20","Jakayla","Denesik","Explicabo deserunt nihil doloribus voluptas velit. Error mollitia cumque qui iusto consequatur sed nihil. Cum nobis expedita temporibus quo sed. Soluta pariatur sapiente enim.

Illo esse id laboriosam deserunt. Praesentium omnis perspiciatis ipsa inventore sit omnis repellendus. Incidunt qui similique hic rerum. Est architecto sit ratione aspernatur.

Saepe doloremque voluptatem quia quisquam enim aut dolorem eveniet. Aspernatur ex vero placeat iure assumenda aut totam. Eligendi reprehenderit nulla ea consequatur.

Totam sed facere cumque in. Sed aliquid sunt illo hic. Qui id at animi exercitationem nemo esse. Necessitatibus voluptate vitae ducimus cum.","true","false","fresh","0","true","","a:1:{s:10:""subscriber"";b:1;}","0","wp496_privacy","","","","","","","true","1","","","","","",""
"39","nickolas05","earnest12","leda.schaefer@example.com","http://www.schumm.com/aspernatur-sit-debitis-amet-alias-possimus","2018-11-28 12:31:09","0","Keshawn","tjacobs","Cathy","Boehm","Excepturi provident minus pariatur et optio velit. Aut odit explicabo incidunt sed nostrum blanditiis. Nemo ratione nobis natus consequatur sit consectetur.

Id qui voluptas eius nesciunt. Libero tempore est amet voluptatibus dolores accusantium. Pariatur corrupti pariatur nam sed ad. Ea enim totam cumque quas facilis. Voluptas nihil facere eveniet expedita minus sit.

Libero magnam numquam exercitationem et. Est repudiandae rerum accusantium natus. Et veritatis et facilis hic voluptas omnis.

Occaecati unde autem nesciunt iste. Qui laboriosam qui laudantium. Harum voluptas et est aliquid. Recusandae rerum qui rerum deserunt ipsum et est.

Voluptate velit reprehenderit eum nihil beatae. Voluptas eum quasi commodi occaecati aperiam nihil. Porro quia quas est vitae. Excepturi voluptatem non deleniti qui ut.","true","false","fresh","0","true","","a:1:{s:10:""subscriber"";b:1;}","0","wp496_privacy","","","","","","","true","1","","","","","",""
"2","nnnn","nnnn","mm@mddd.cc","","2018-06-19 00:25:30","0","nnnn","nnnn","","","","true","false","fresh","0","true","","a:1:{s:6:""editor"";b:1;}","7","wp496_privacy","","","","","","","true","","","","","","",""
"7","nora.gutmann","nicholas-gaylord","kmante@example.org","http://jacobi.com/repellat-voluptatem-magni-debitis-ut-facilis-nobis-velit-hic","2018-11-27 16:00:35","0","Maximus","mkertzmann","Gloria","Rohan","Quaerat sed aut ut ut necessitatibus. Quia eum consequatur voluptas et est. Perferendis eum enim ratione quas tempore illo commodi.

Ipsa officiis accusamus omnis non nemo corporis officia magni. Commodi quam aut atque id libero quia. Non ipsum porro non quam tempora natus qui eaque.

Culpa ratione velit id sed. Enim est perferendis ut et nobis. Tempore harum adipisci tenetur maiores est. Est sed et non sequi.","true","false","fresh","0","true","","a:1:{s:10:""subscriber"";b:1;}","0","wp496_privacy","","","","","","","true","1","","","","","",""
"4","nschneider","jrogahn","dare.addison@example.org","http://www.breitenberg.com/ad-distinctio-iusto-inventore-possimus-consequatur","2018-11-27 16:34:48","0","Pinkie","reva90","Izaiah","Ebert","Deserunt aliquid soluta molestias eveniet ipsam maxime provident. Quasi dolores excepturi cupiditate optio et velit laudantium. Ut distinctio qui quam fugiat eum quisquam molestiae architecto. Nisi expedita incidunt quis fugit repellat.

Exercitationem molestiae consequatur facilis repellendus. Quia voluptas cupiditate nobis molestiae eum fugiat suscipit omnis. Enim consequatur accusantium non aut possimus eos.","true","false","fresh","0","true","","a:1:{s:10:""subscriber"";b:1;}","0","wp496_privacy","","","","","","","true","1","","","","","",""
"94","peter","peter","pet@me.com","","2018-12-03 21:04:04","0","peter","peter","","","","true","false","fresh","0","true","","a:4:{s:13:""administrator"";b:1;s:6:""editor"";b:1;s:6:""author"";b:1;s:10:""subscriber"";b:1;}","10","wp496_privacy","","","","","","","true","","1","National","Washington","Columbia","2001","USA"
"93","piere","piere","mon@mon.fr","","2018-12-03 21:04:03","0","piere","piere","","","","true","false","fresh","0","true","","a:4:{s:13:""administrator"";b:1;s:6:""editor"";b:1;s:6:""author"";b:1;s:10:""subscriber"";b:1;}","10","wp496_privacy","","","","","","","true","","1","Nation","París","Île de la Cité","28280","France"
"57","prosacco.gunner","maggie11","sdicki@example.net","http://simonis.com/et-dolorem-illo-saepe","2018-11-27 12:39:03","0","Olin","cklocko","Lawrence","Boyle","Beatae dolorem quia sit rerum sint quam. Illum minima sit qui. Magni eos iure qui consectetur iusto perferendis.

Doloribus aut libero deserunt voluptate asperiores. Qui qui aliquid voluptas maiores inventore. Illum omnis ipsa nisi maiores accusamus voluptas.

Nostrum ad adipisci dolor aut voluptas odit. Inventore et vitae hic nihil. Voluptates quia non libero iste incidunt qui. Earum incidunt veniam tempore illum sequi ut cupiditate. Aliquam maxime inventore cumque facilis et eos.

Quis enim similique deserunt rerum vel amet hic. Sed expedita cupiditate sint dolore debitis quo. Fugiat cupiditate ab nisi omnis. Rerum nemo dolores ut aliquam at.

Magnam ea architecto qui accusantium porro. Ipsam rerum voluptatem voluptate ipsum aspernatur adipisci. Corrupti autem aut totam explicabo commodi exercitationem eligendi.","true","false","fresh","0","true","","a:1:{s:6:""author"";b:1;}","2","wp496_privacy","","","","","","","true","1","","","","","",""
"3","pzulauf","darrin-lang","ross86@example.net","http://www.roob.biz/earum-corporis-aliquid-quas-quidem-sint.html","2018-11-28 06:27:57","0","Lorine","leta.schaden","Jennings","Mraz","Provident dolore et qui nesciunt maxime. Voluptatibus sunt velit eum quis aperiam qui. Dolor qui sed ullam fuga.

Fugiat voluptas neque aliquid. Error possimus et enim qui hic omnis rerum. Saepe sit soluta facere est. Soluta nesciunt debitis autem sint sed sit.","true","false","fresh","0","true","","a:1:{s:10:""subscriber"";b:1;}","0","wp496_privacy","","","","","","","true","1","","","","","",""
"25","qbeer","bessie-walter","wilfred10@example.net","http://www.kohler.org/","2018-11-27 10:52:21","0","Vita","nikolaus.kassandra","Jaime","Ondricka","Vel unde ex perspiciatis at. Omnis laudantium aperiam reprehenderit totam et nihil et. Iure quia provident nisi. Dolorem eius dolores dignissimos porro.

Eligendi ut perferendis consequatur et nihil culpa. Culpa eos deleniti labore sed. Laborum rerum mollitia magni libero consequatur minus. Sit maiores quam temporibus dolore sunt.

Ea non delectus iste et unde nulla. Nam architecto perspiciatis molestiae est. Adipisci eum sed rerum in. Laboriosam dolorum et libero expedita expedita.

Architecto distinctio laudantium dolore a sed. Quasi pariatur dolore dolores nemo quaerat quam corrupti et. Autem exercitationem aut dolor sit.

Error eaque accusamus odio aut. Inventore doloremque neque sed officiis.","true","false","fresh","0","true","","a:1:{s:10:""subscriber"";b:1;}","0","wp496_privacy","","","","","","","true","1","","","","","",""
"82","qglover","tcrona","jmckenzie@example.org","https://www.glover.biz/ut-distinctio-ex-facere-consequatur-est-sit-animi","2018-11-28 13:03:10","0","Russel","olson.llewellyn","Elisha","Padberg","Magnam possimus et qui nostrum et aliquam minima. Nisi magni qui reiciendis dolores est in. Et unde ad eum exercitationem.","true","false","fresh","0","true","","a:1:{s:6:""author"";b:1;}","2","wp496_privacy","","","","","","","true","1","","","","","",""
"56","qhintz","reinhold26","pfannerstill.lacy@example.net","http://www.bayer.biz/labore-corrupti-a-quod-in-similique.html","2018-11-28 01:44:18","0","Amparo","gulgowski.reed","Daija","Jacobson","Rem molestiae aut id facere atque ut dolores. Numquam dignissimos illo suscipit repellendus molestiae. Qui iure possimus vel voluptatem earum nisi occaecati. Repellat unde aut et facere voluptates.

Debitis consequuntur atque dolorem eaque ea. Rerum eaque accusantium et non. Perspiciatis impedit et iure est. Labore omnis corrupti nam neque ducimus voluptatibus quia sed.","true","false","fresh","0","true","","a:1:{s:10:""subscriber"";b:1;}","0","wp496_privacy","","","","","","","true","1","","","","","",""
"75","reilly.billie","friesen-dereck","hermina45@example.org","http://bernier.com/nulla-eaque-ad-neque-veritatis-tempore","2018-11-27 05:31:47","0","Lonzo","vallie.treutel","Cornelius","Fay","Sed ducimus vitae provident deserunt. Dolore id voluptatem sunt reiciendis voluptate. Vel ex placeat modi esse. Eum ex ullam minima qui reiciendis pariatur.

Eum aut placeat ea voluptatem totam sint. In sequi rerum quos dolor id eveniet mollitia. Aut in quod doloremque dolore quibusdam harum.

Ea tempora fuga quisquam quia optio quis. Accusantium distinctio et sed. Dignissimos est sequi aliquam perspiciatis magni aspernatur. Necessitatibus odio dolore officia laboriosam non voluptas.","true","false","fresh","0","true","","a:1:{s:6:""author"";b:1;}","2","wp496_privacy","","","","","","","true","1","","","","","",""
"8","richard.hudson","lhagenes","zspinka@example.net","http://bartell.org/architecto-et-aut-autem-et-ut-ab","2018-11-28 11:05:38","0","Kristina","cornelius78","Karelle","King","Illo est eligendi magni qui ea. Voluptate quis temporibus ut totam sed eos vel. Voluptas eligendi quae minima ut quidem. Iure modi repellat corrupti omnis laborum voluptatem.

Quasi praesentium in rem. Asperiores rem hic ipsam nobis tempore molestiae. Nostrum perferendis maxime vel ut nam in debitis. Aspernatur sapiente sed voluptatem voluptatem non nulla maxime.

Autem reiciendis ea eos rerum vel quis. Aut sint tempore et nisi. Sequi officia est molestiae labore. Molestiae et voluptas laboriosam quae.

Magni a nihil perspiciatis molestiae sed. Aut exercitationem perferendis inventore molestiae. Eum rem provident dolor quaerat.

Nam ipsa exercitationem iure fuga ea non quo. Quaerat temporibus doloremque culpa. Beatae quasi voluptatem dolore. Aperiam architecto velit totam vel.","true","false","fresh","0","true","","a:1:{s:10:""subscriber"";b:1;}","0","wp496_privacy","","","","","","","true","1","","","","","",""
"41","roberts.lesley","haley-trace","vena29@example.com","http://sauer.org/assumenda-expedita-iste-eveniet-corrupti","2018-11-27 01:10:43","0","Fatima","lbaumbach","Luis","Fadel","Rerum et impedit voluptate cupiditate quisquam commodi. Mollitia soluta eos delectus est. Omnis accusantium odit et tempora. Autem et aliquid nihil sint.

Repellat aperiam reprehenderit nihil est maxime quibusdam quasi est. Repellat omnis eum molestias.

Nihil deleniti repellendus vitae. Provident repellendus repellendus doloremque. Sequi deleniti dolore quidem cupiditate dolores beatae. Ipsa ab molestias quas autem magnam autem aut.","true","false","fresh","0","true","","a:1:{s:10:""subscriber"";b:1;}","0","wp496_privacy","","","","","","","true","1","","","","","",""
"87","salma03","friesen-antoinette","paul46@example.org","http://www.medhurst.com/harum-dolore-delectus-similique-eaque-iusto-quisquam-qui","2018-11-28 10:05:41","0","Stefanie","marvin.elouise","Jamison","Pfeffer","Doloremque ducimus qui non minima facilis. Ex perferendis repellat debitis error.

Autem distinctio expedita sunt cupiditate quo ut. Et aut facilis aut cum. Provident fugit quod quia eum neque sit.

Est illum nam repudiandae in eos quia et. Nam ducimus optio nobis optio vero aut rem nihil. Id nesciunt doloremque est et sapiente. Quis deserunt expedita ex est repellat.

Molestiae alias molestiae sed iusto repudiandae. Est corrupti doloremque dolore id cumque et. Dignissimos optio aliquam corporis consequatur. At vero unde distinctio sapiente voluptatum.

Est sapiente aut ab itaque. Enim enim sapiente quisquam. Amet sed debitis dolore.","true","false","fresh","0","true","","a:1:{s:6:""editor"";b:1;}","7","wp496_privacy","","","","","","","true","1","","","","","",""
"61","schiller.joanny","hhilll","rashawn.bauch@example.org","http://www.erdman.com/fugiat-adipisci-officia-omnis-ut.html","2018-11-27 13:32:37","0","Guillermo","lesch.brendan","Jaiden","Nitzsche","Aliquid ut est dolores quia numquam eaque id. Consectetur aut consequatur debitis eos quis assumenda ullam. Recusandae suscipit eaque rerum quod dicta sequi nulla. Magni est recusandae dolores dolore excepturi et.

Quis amet harum qui exercitationem aut voluptas dolores deleniti. Tempora natus at itaque molestiae sunt ut aut. Dolorem recusandae vero beatae amet temporibus. Ab occaecati excepturi vero dolores.

Vero cupiditate ipsa exercitationem dolor perspiciatis ex sapiente. Occaecati quibusdam sint quia culpa sunt fuga dolorem. Fugiat illum quam quam. Ipsam animi aut sunt magni dolores.

Eos quod quo eum incidunt ea. Et officiis non provident impedit libero et. Maxime a distinctio nulla exercitationem. Facere quia vel laboriosam unde nisi sed.

Sed voluptate officia consectetur eum molestiae. Aut dolorem facilis ab sint dicta. Deleniti perspiciatis nostrum itaque ut. Nobis neque maxime fuga molestias delectus quisquam ducimus.","true","false","fresh","0","true","","a:1:{s:6:""editor"";b:1;}","7","wp496_privacy","","","","","","","true","1","","","","","",""
"59","schmitt.anita","gustave87","crutherford@example.com","http://www.smitham.com/","2018-11-28 10:07:35","0","Tommie","ngulgowski","Sydney","Jacobson","Non illum voluptatibus facilis tempora. Placeat sit harum est qui atque nihil vel. Et omnis velit doloremque aut dolorem ea minima. Similique consequuntur beatae at eos a nulla voluptas.

Facere quia nihil totam tempore dolores porro. Occaecati quae qui in dolor rem. Dignissimos sit ipsam odio aut. Ad at harum placeat iure doloremque et.

In voluptates eveniet ut facilis. Dolorem fuga in molestias odio. Occaecati quisquam consequatur praesentium et dolor provident et dolor.

Deleniti dolor itaque iusto velit quo. Reiciendis in saepe ut atque asperiores. Itaque minus autem neque maxime qui.

Eius aut ipsa nam est sunt aperiam qui autem. Magnam sint repudiandae perspiciatis accusantium eos possimus magnam voluptatem.","true","false","fresh","0","true","","a:1:{s:6:""author"";b:1;}","2","wp496_privacy","","","","","","","true","1","","","","","",""
"19","steuber.heber","graham-heather","tkerluke@example.org","http://www.jerde.org/dolor-enim-aut-sed-animi-nemo-ut-fugiat-quis","2018-11-27 08:13:38","0","Vern","lavern09","Prince","Toy","Eveniet voluptatum exercitationem qui incidunt dolorem rem. Magni fugiat rerum at blanditiis accusamus eligendi porro. Tenetur quis eum quo odit vitae occaecati dolores. Laudantium explicabo porro corrupti magni omnis qui ut. Eum nihil porro soluta voluptas magnam nobis.","true","false","fresh","0","true","","a:1:{s:10:""subscriber"";b:1;}","0","wp496_privacy","","","","","","","true","1","","","","","",""
"36","stewart.trantow","brook08","rohan.augustus@example.com","http://www.rempel.com/impedit-ea-excepturi-unde-dolores-vero-neque-debitis","2018-11-27 01:31:41","0","Quinn","camylle70","Gaetano","Bashirian","Delectus placeat repellat vero consectetur eveniet quis quam. Harum voluptas autem sunt dolore quibusdam qui. Odit voluptatem voluptates accusantium ullam nihil.","true","false","fresh","0","true","","a:1:{s:10:""subscriber"";b:1;}","0","wp496_privacy","","","","","","","true","1","","","","","",""
"38","tad50","rohan-maymie","harris.jaclyn@example.com","http://www.waters.com/quia-mollitia-doloremque-porro-adipisci-accusamus-quam-consequuntur","2018-11-27 19:15:07","0","Elvie","laurence.luettgen","Mustafa","Prohaska","Sed rem qui doloremque totam qui repellendus. Nobis aut natus nam deserunt porro unde eveniet.

Aperiam ad et voluptatem mollitia impedit aut numquam. Facilis minus enim qui soluta quis. Veritatis possimus aut omnis qui consequuntur excepturi sed expedita. Sed et voluptas omnis.

Molestias et omnis libero impedit exercitationem illum voluptate. Earum quos hic deserunt et velit alias ab. Ut aspernatur ducimus nostrum eaque possimus.

Qui numquam nihil dicta velit accusamus omnis. Sed in architecto voluptate et reiciendis debitis perferendis architecto. Voluptatem numquam sequi molestiae. Est ea voluptas voluptatem possimus.","true","false","fresh","0","true","","a:1:{s:10:""subscriber"";b:1;}","0","wp496_privacy","","","","","","","true","1","","","","","",""
"58","talia.schoen","bruen-jasen","macejkovic.quincy@example.org","http://www.sawayn.com/error-aut-est-voluptatem","2018-11-27 09:23:23","0","Cristopher","nora69","Aurelie","Kuhic","Itaque et beatae quia amet. Eos ex et vero voluptas nostrum rerum animi. Reiciendis maiores nobis non.

Tempora ratione ad aperiam quibusdam beatae voluptas. Eveniet eum sit quae ut consequuntur fugiat dolor.","true","false","fresh","0","true","","a:1:{s:6:""author"";b:1;}","2","wp496_privacy","","","","","","","true","1","","","","","",""
"18","terrell38","chadrick-tromp","johns.deron@example.net","http://www.mohr.com/","2018-11-27 23:17:27","0","Carlos","bashirian.aryanna","Moises","VonRueden","Quaerat dicta dolore eum totam. Qui earum qui aut sit qui alias. Quasi ipsa cumque id corrupti numquam in reiciendis cupiditate. Perferendis nam consequatur voluptas praesentium impedit quam delectus.

Aut ducimus necessitatibus eum nam placeat nihil laboriosam omnis. Consequatur saepe nihil qui sed quod. Nesciunt ipsam minima qui nihil laboriosam voluptatibus animi. Atque iusto quia saepe voluptatum eum dolores.

Commodi incidunt magnam assumenda. Et quis assumenda placeat sed distinctio ut aut. Assumenda laborum eveniet nobis sapiente.

Sit harum soluta inventore. Ut consectetur blanditiis est dicta enim odit ut ut. Laborum commodi fugit eum porro officiis. Adipisci ad consequuntur iure et voluptatum aut iste autem.

Earum dolore dolorem ex est dolorum quos aut. Quo autem sint facere. Consequatur voluptas tenetur consequatur ex. Quia aut quae quo qui occaecati.","true","false","fresh","0","true","","a:1:{s:10:""subscriber"";b:1;}","0","wp496_privacy","","","","","","","true","1","","","","","",""
"65","trantow.norval","gwilkinson","pstokes@example.org","http://heathcote.biz/cumque-labore-aut-omnis-quo-est-incidunt-rerum","2018-11-28 10:45:10","0","Raul","lgleason","Russel","King","Quasi quis commodi est sequi soluta. Omnis reprehenderit porro dicta atque soluta voluptate et. Incidunt dolores et sequi. Similique aliquid impedit blanditiis excepturi deleniti.

Illum voluptatibus voluptatibus aut laborum quisquam hic atque delectus. Ipsam et voluptas ab. Corrupti dolores voluptate beatae et culpa architecto et. Eos ut aut exercitationem eos aperiam perferendis.

Et blanditiis in impedit maiores cupiditate rerum. Voluptate fuga voluptatem aliquid minima aut debitis et. Architecto ut esse sit nihil dolor et.","true","false","fresh","0","true","","a:1:{s:6:""editor"";b:1;}","7","wp496_privacy","","","","","","","true","1","","","","","",""
"17","uhane","xlabadie","weimann.carolyn@example.com","https://abernathy.biz/culpa-atque-autem-est-deleniti-omnis-maxime.html","2018-11-27 14:45:15","0","Alize","orogahn","Providenci","Herzog","Facere minima voluptatum provident nihil. Quaerat eum quasi ea nulla ut non qui eligendi.

Ut non reiciendis quas maiores. Aut labore tempore quas. Blanditiis est sed possimus excepturi doloribus et. Enim et similique reiciendis est numquam sit ad. Quia facilis accusamus vero corrupti delectus.","true","false","fresh","0","true","","a:1:{s:10:""subscriber"";b:1;}","0","wp496_privacy","","","","","","","true","1","","","","","",""
"78","vdonnelly","walker-maye","josefina83@example.org","http://www.mckenzie.com/sunt-velit-quia-neque-quia-harum","2018-11-28 11:20:38","0","Mose","adams.joaquin","Lenna","Langosh","Ab voluptas commodi in earum error deleniti. Qui doloremque ullam cumque nulla ut ea. Libero omnis voluptas voluptatum voluptatem in voluptate quisquam.

Voluptas vero et et similique quia. Eius ea ducimus alias rem adipisci ut. In commodi cupiditate eius iure fuga. Consequatur veniam consequatur ducimus deserunt voluptatem ut saepe ut.","true","false","fresh","0","true","","a:1:{s:10:""subscriber"";b:1;}","0","wp496_privacy","","","","","","","true","1","","","","","",""
"23","victoria37","idickinson","adams.winfield@example.net","https://thompson.com/rerum-ut-voluptas-aspernatur-nihil.html","2018-11-28 03:07:03","0","Bailee","dylan30","Deonte","Goodwin","Laborum est similique cum aut. A deleniti iste consequatur non iste. Quo laboriosam aut magnam suscipit modi debitis. Labore iusto nam quis iure quas qui nihil.

Debitis occaecati non harum totam praesentium ut. Soluta quaerat laborum voluptatem tenetur. Nulla voluptatem ut impedit dolorum ipsa sunt perspiciatis inventore. Ea rerum voluptatem cum quos placeat eos.

Modi voluptas minus quidem dignissimos qui vitae sequi enim. Necessitatibus facere in qui est et. Nobis id optio non illo ea.","true","false","fresh","0","true","","a:1:{s:10:""subscriber"";b:1;}","0","wp496_privacy","","","","","","","true","1","","","","","",""
"80","wilton53","winifred-johnston","schowalter.theodore@example.net","http://osinski.com/ad-qui-facere-et-iste-accusantium-voluptatem-saepe-dolores","2018-11-27 09:22:50","0","Alexys","julia20","Treva","Runolfsdottir","Consequatur non qui consequuntur unde expedita ut. Aspernatur suscipit animi sed. Odio sapiente voluptas et earum omnis consequuntur recusandae. Iure aut eos neque voluptatem. Eaque ipsa occaecati illo iste.

Unde modi eligendi voluptas distinctio corrupti. Nobis nemo nulla qui numquam. Consequatur voluptatem non non vero. Qui quo aut perspiciatis et. Illum totam et et in.

Qui in distinctio nihil rerum autem commodi commodi. Et sit officiis delectus eos in voluptatem. Blanditiis qui rerum vero delectus vitae.

Et dolore ad cupiditate itaque et veritatis. Possimus est omnis qui quisquam impedit. Perferendis voluptatem quis rem cupiditate commodi.","true","false","fresh","0","true","","a:1:{s:6:""editor"";b:1;}","7","wp496_privacy","","","","","","","true","1","","","","","",""
"88","zboyer","leannon-rachelle","georgiana.kreiger@example.org","http://west.com/mollitia-dolorem-natus-aspernatur-quia-sed.html","2018-11-28 00:45:55","0","Noe","rutherford.oren","Catherine","Williamson","Adipisci modi veritatis impedit qui tenetur error. Et possimus dolores necessitatibus similique. Et velit ut distinctio quis voluptas molestias voluptatum. Iste voluptatum rerum earum nam atque labore labore sapiente. Sunt saepe ratione officia voluptatibus quis eaque et.

Incidunt nostrum expedita possimus doloremque qui omnis. Qui deserunt quaerat et. Non et quos repudiandae optio enim. Et omnis assumenda totam est.

Expedita et quaerat neque qui eos. Dolorem debitis odit consequatur architecto ut dignissimos temporibus. Error nihil expedita deserunt illum saepe.

Consequuntur omnis voluptatem qui. Earum quia magnam deserunt fugit distinctio voluptatum. Minus odio soluta vitae dolorem voluptates perferendis.","true","false","fresh","0","true","","a:1:{s:10:""subscriber"";b:1;}","0","wp496_privacy","","","","","","","true","1","","","","","",""
